Workbook

Sheet TablaOcurrencia_APMT_16sectores
A1: ID | B1: dirtex | C1: Dir-Min | D1: Dir-Max | E1: Hs-Min | F1: Hs-Max | G1: Tp-Min | H1: Tp-Max | I1: Hs-mean | J1: Tp-mean | K1: Dp-mean | L1: count | M1: ocurrencia | N1: Dias-Anio | P1: Cantidad de datos Totales:
A2: 1 | B2: SSW | C2: 202.5 | D2: 225 | E2: 2 | F2: 2.5 | G2: 14 | H2: 16 | I2: 2.2389423 | J2: 14.890396 | K2: 213.61406 | L2: 54864 | M2: =L2/$P$2 -> 0.13708221 | N2: =(365*L2)/$P$2 -> 50.035005 | P2: =SUM(L2:L256) -> 400227 | R2: 365
A3: 2 | B3: SSW | C3: 202.5 | D3: 225 | E3: 1.5 | F3: 2 | G3: 12 | H3: 14 | I3: 1.7750693 | J3: 12.999481 | K3: 213.89777 | L3: 53234 | M3: =L3/$P$2 -> 0.13300952 | N3: =(365*L3)/$P$2 -> 48.548474 | P3: m | R3: x | S3: = | T3: 365*count/387507
A4: 3 | B4: SSW | C4: 202.5 | D4: 225 | E4: 1.5 | F4: 2 | G4: 14 | H4: 16 | I4: 1.8245774 | J4: 14.753956 | K4: 215.80885 | L4: 31640 | M4: =L4/$P$2 -> 0.079055136 | N4: =(365*L4)/$P$2 -> 28.855125
A5: 4 | B5: SSW | C5: 202.5 | D5: 225 | E5: 2 | F5: 2.5 | G5: 12 | H5: 14 | I5: 2.1893836 | J5: 13.210244 | K5: 212.06465 | L5: 26280 | M5: =L5/$P$2 -> 0.065662736 | N5: =(365*L5)/$P$2 -> 23.966899 | P5: regla de 3
A6: 5 | B6: SSW | C6: 202.5 | D6: 225 | E6: 2.5 | F6: 3 | G6: 14 | H6: 16 | I6: 2.696491 | J6: 15.126725 | K6: 211.74396 | L6: 22719 | M6: =L6/$P$2 -> 0.056765286 | N6: =(365*L6)/$P$2 -> 20.719329
A7: 6 | B7: SSW | C7: 202.5 | D7: 225 | E7: 2 | F7: 2.5 | G7: 16 | H7: 18 | I7: 2.2587588 | J7: 16.913896 | K7: 215.72799 | L7: 15948 | M7: =L7/$P$2 -> 0.039847387 | N7: =(365*L7)/$P$2 -> 14.544296
A8: 7 | B8: SSW | C8: 202.5 | D8: 225 | E8: 2.5 | F8: 3 | G8: 16 | H8: 18 | I8: 2.715007 | J8: 16.855657 | K8: 213.42543 | L8: 12023 | M8: =L8/$P$2 -> 0.030040452 | N8: =(365*L8)/$P$2 -> 10.964765
A9: 8 | B9: SW | C9: 225 | D9: 247.5 | E9: 1.5 | F9: 2 | G9: 14 | H9: 16 | I9: 1.7915741 | J9: 14.758775 | K9: 232.86119 | L9: 9733 | M9: =L9/$P$2 -> 0.024318699 | N9: =(365*L9)/$P$2 -> 8.8763252
A10: 9 | B10: SSW | C10: 202.5 | D10: 225 | E10: 1.5 | F10: 2 | G10: 16 | H10: 18 | I10: 1.8198124 | J10: 16.915845 | K10: 217.0174 | L10: 8450 | M10: =L10/$P$2 -> 0.021113018 | N10: =(365*L10)/$P$2 -> 7.7062517
A11: 10 | B11: SW | C11: 225 | D11: 247.5 | E11: 1.5 | F11: 2 | G11: 12 | H11: 14 | I11: 1.7224035 | J11: 13.167708 | K11: 230.51222 | L11: 7362 | M11: =L11/$P$2 -> 0.018394561 | N11: =(365*L11)/$P$2 -> 6.7140148
A12: 11 | B12: SSW | C12: 202.5 | D12: 225 | E12: 1.5 | F12: 2 | G12: 10 | H12: 12 | I12: 1.6998172 | J12: 11.543532 | K12: 211.38335 | L12: 7317 | M12: =L12/$P$2 -> 0.018282125 | N12: =(365*L12)/$P$2 -> 6.6729756
A13: 12 | B13: S | C13: 180 | D13: 202.5 | E13: 2 | F13: 2.5 | G13: 12 | H13: 14 | I13: 2.2113065 | J13: 13.005869 | K13: 198.14218 | L13: 6921 | M13: =L13/$P$2 -> 0.017292686 | N13: =(365*L13)/$P$2 -> 6.3118305
A14: 13 | B14: S | C14: 180 | D14: 202.5 | E14: 2 | F14: 2.5 | G14: 14 | H14: 16 | I14: 2.2643248 | J14: 14.803555 | K14: 198.40986 | L14: 6812 | M14: =L14/$P$2 -> 0.017020341 | N14: =(365*L14)/$P$2 -> 6.2124244
A15: 14 | B15: SW | C15: 225 | D15: 247.5 | E15: 2 | F15: 2.5 | G15: 14 | H15: 16 | I15: 2.1838862 | J15: 15.0047 | K15: 231.0099 | L15: 6465 | M15: =L15/$P$2 -> 0.016153333 | N15: =(365*L15)/$P$2 -> 5.8959665
A16: 15 | B16: SSW | C16: 202.5 | D16: 225 | E16: 1 | F16: 1.5 | G16: 12 | H16: 14 | I16: 1.3955537 | J16: 12.684611 | K16: 215.54064 | L16: 5906 | M16: =L16/$P$2 -> 0.014756626 | N16: =(365*L16)/$P$2 -> 5.3861683
A17: 16 | B17: S | C17: 180 | D17: 202.5 | E17: 1.5 | F17: 2 | G17: 10 | H17: 12 | I17: 1.7753865 | J17: 11.104426 | K17: 193.80448 | L17: 5851 | M17: =L17/$P$2 -> 0.014619204 | N17: =(365*L17)/$P$2 -> 5.3360093
... A256: 255 | B256: SSW | C256: 202.5 | D256: 225 | E256: 2 | F256: 2.5 | G256: 24 | H256: 26 | I256: 2.496 | J256: 25.641025 | K256: 218 | L256: 1 | M256: =L256/$P$2 -> 2.4985821e-06 | N256: =(365*L256)/$P$2 -> 0.00091198245

Sheet Tabla_Ocurrencia Insideo
A1: Hs_bin | B1: Tp_bin | C1: Dir | D1: Dir-Degree | E1: conteo | F1: Hs_mean | G1: Tp_mean | H1: Dp_mean | I1: ocurrencia | J1: Dias-Año | K1: porcentaje
A2: 2.0 - 2.5 | B2: 14.0 - 17.0 | C2: SW | D2: =VLOOKUP(ocurrencias[[#This Row],[Dir]],'Rosa 16'!$B$1:$G$17,4,FALSE) -> 213,75° – 236,25° | E2: 38929 | F2: 2.2166051 | G2: 15.180661 | H2: 220.60084 | I2: =ocurrencias[[#This Row],[conteo]]/ocurrencias[[#Totals],[conteo]] -> 0.097267544 | J2: =365*ocurrencias[[#This Row],[conteo]]/ocurrencias[[#Totals],[conteo]] -> 35.502654 | K2: 9.7267544
A3: 2.0 - 2.5 | B3: 14.0 - 17.0 | C3: SSW | D3: =VLOOKUP(ocurrencias[[#This Row],[Dir]],'Rosa 16'!$B$1:$G$17,4,FALSE) -> 191,25° – 213,75° | E3: 38178 | F3: 2.253815 | G3: 14.971382 | H3: 207.11808 | I3: =ocurrencias[[#This Row],[conteo]]/ocurrencias[[#Totals],[conteo]] -> 0.095391104 | J3: =365*ocurrencias[[#This Row],[conteo]]/ocurrencias[[#Totals],[conteo]] -> 34.817753 | K3: 9.5391104
A4: 1.5 - 2.0 | B4: 11.0 - 14.0 | C4: SSW | D4: =VLOOKUP(ocurrencias[[#This Row],[Dir]],'Rosa 16'!$B$1:$G$17,4,FALSE) -> 191,25° – 213,75° | E4: 37032 | F4: 1.7832791 | G4: 12.693992 | H4: 206.53999 | I4: =ocurrencias[[#This Row],[conteo]]/ocurrencias[[#Totals],[conteo]] -> 0.092527722 | J4: =365*ocurrencias[[#This Row],[conteo]]/ocurrencias[[#Totals],[conteo]] -> 33.772618 | K4: 9.2527722
A5: 1.5 - 2.0 | B5: 11.0 - 14.0 | C5: SW | D5: =VLOOKUP(ocurrencias[[#This Row],[Dir]],'Rosa 16'!$B$1:$G$17,4,FALSE) -> 213,75° – 236,25° | E5: 36518 | F5: 1.7447327 | G5: 12.980723 | H5: 220.72205 | I5: =ocurrencias[[#This Row],[conteo]]/ocurrencias[[#Totals],[conteo]] -> 0.091243447 | J5: =365*ocurrencias[[#This Row],[conteo]]/ocurrencias[[#Totals],[conteo]] -> 33.303858 | K5: 9.1243447
A6: 1.5 - 2.0 | B6: 14.0 - 17.0 | C6: SW | D6: =VLOOKUP(ocurrencias[[#This Row],[Dir]],'Rosa 16'!$B$1:$G$17,4,FALSE) -> 213,75° – 236,25° | E6: 31049 | F6: 1.8079722 | G6: 14.953574 | H6: 222.1201 | I6: =ocurrencias[[#This Row],[conteo]]/ocurrencias[[#Totals],[conteo]] -> 0.077578668 | J6: =365*ocurrencias[[#This Row],[conteo]]/ocurrencias[[#Totals],[conteo]] -> 28.316214 | K6: 7.7578668
A7: 2.0 - 2.5 | B7: 11.0 - 14.0 | C7: SSW | D7: =VLOOKUP(ocurrencias[[#This Row],[Dir]],'Rosa 16'!$B$1:$G$17,4,FALSE) -> 191,25° – 213,75° | E7: 25759 | F7: 2.1926096 | G7: 13.022384 | H7: 205.16744 | I7: =ocurrencias[[#This Row],[conteo]]/ocurrencias[[#Totals],[conteo]] -> 0.064361136 | J7: =365*ocurrencias[[#This Row],[conteo]]/ocurrencias[[#Totals],[conteo]] -> 23.491815 | K7: 6.4361136
A8: 2.5 - 3.0 | B8: 14.0 - 17.0 | C8: SSW | D8: =VLOOKUP(ocurrencias[[#This Row],[Dir]],'Rosa 16'!$B$1:$G$17,4,FALSE) -> 191,25° – 213,75° | E8: 24823 | F8: 2.7079882 | G8: 15.322741 | H8: 206.49921 | I8: =ocurrencias[[#This Row],[conteo]]/ocurrencias[[#Totals],[conteo]] -> 0.062022457 | J8: =365*ocurrencias[[#This Row],[conteo]]/ocurrencias[[#Totals],[conteo]] -> 22.638197 | K8: 6.2022457
A9: 1.5 - 2.0 | B9: 14.0 - 17.0 | C9: SSW | D9: =VLOOKUP(ocurrencias[[#This Row],[Dir]],'Rosa 16'!$B$1:$G$17,4,FALSE) -> 191,25° – 213,75° | E9: 14773 | F9: 1.8292392 | G9: 14.890076 | H9: 207.39755 | I9: =ocurrencias[[#This Row],[conteo]]/ocurrencias[[#Totals],[conteo]] -> 0.036911645 | J9: =365*ocurrencias[[#This Row],[conteo]]/ocurrencias[[#Totals],[conteo]] -> 13.47275 | K9: 3.6911645
A10: 2.5 - 3.0 | B10: 14.0 - 17.0 | C10: SW | D10: =VLOOKUP(ocurrencias[[#This Row],[Dir]],'Rosa 16'!$B$1:$G$17,4,FALSE) -> 213,75° – 236,25° | E10: 11962 | F10: 2.6825238 | G10: 15.514321 | H10: 219.33197 | I10: =ocurrencias[[#This Row],[conteo]]/ocurrencias[[#Totals],[conteo]] -> 0.029888113 | J10: =365*ocurrencias[[#This Row],[conteo]]/ocurrencias[[#Totals],[conteo]] -> 10.909161 | K10: 2.9888113
A11: 2.0 - 2.5 | B11: 11.0 - 14.0 | C11: SW | D11: =VLOOKUP(ocurrencias[[#This Row],[Dir]],'Rosa 16'!$B$1:$G$17,4,FALSE) -> 213,75° – 236,25° | E11: 11818 | F11: 2.1737984 | G11: 13.176152 | H11: 219.82806 | I11: =ocurrencias[[#This Row],[conteo]]/ocurrencias[[#Totals],[conteo]] -> 0.029528317 | J11: =365*ocurrencias[[#This Row],[conteo]]/ocurrencias[[#Totals],[conteo]] -> 10.777836 | K11: 2.9528317
A12: 2.0 - 2.5 | B12: 17.0 - 20.0 | C12: SW | D12: =VLOOKUP(ocurrencias[[#This Row],[Dir]],'Rosa 16'!$B$1:$G$17,4,FALSE) -> 213,75° – 236,25° | E12: 8961 | F12: 2.2428669 | G12: 18.063832 | H12: 220.55518 | I12: =ocurrencias[[#This Row],[conteo]]/ocurrencias[[#Totals],[conteo]] -> 0.02238985 | J12: =365*ocurrencias[[#This Row],[conteo]]/ocurrencias[[#Totals],[conteo]] -> 8.1722952 | K12: 2.238985
A13: 3.0 - 3.5 | B13: 14.0 - 17.0 | C13: SSW | D13: =VLOOKUP(ocurrencias[[#This Row],[Dir]],'Rosa 16'!$B$1:$G$17,4,FALSE) -> 191,25° – 213,75° | E13: 7705 | F13: 3.1860324 | G13: 15.561369 | H13: 205.98962 | I13: =ocurrencias[[#This Row],[conteo]]/ocurrencias[[#Totals],[conteo]] -> 0.019251623 | J13: =365*ocurrencias[[#This Row],[conteo]]/ocurrencias[[#Totals],[conteo]] -> 7.0268423 | K13: 1.9251623
... A210: 4.0 - 4.5 | B210: 14.0 - 17.0 | C210: SW | D210: =VLOOKUP(ocurrencias[[#This Row],[Dir]],'Rosa 16'!$B$1:$G$17,4,FALSE) -> 213,75° – 236,25° | E210: 1 | F210: 4.03 | G210: 16.95 | H210: 218 | I210: =ocurrencias[[#This Row],[conteo]]/ocurrencias[[#Totals],[conteo]] -> 2.4985883e-06 | J210: =365*ocurrencias[[#This Row],[conteo]]/ocurrencias[[#Totals],[conteo]] -> 0.00091198473 | K210: 0.00024985883
A211: Total | E211: =SUBTOTAL(109,ocurrencias[conteo]) -> 400226 | I211: =SUBTOTAL(109,ocurrencias[ocurrencia]) -> 1 | J211: =SUBTOTAL(109,ocurrencias[Dias-Año]) -> 365 | K211: =SUBTOTAL(109,ocurrencias[porcentaje]) -> 100

Sheet Tabla_Ocurrencia Insideo 2
A1: TABLA DE OCURRENCIA ANUAL DE LA SERIE HISTÓRICA
A3: CLASE | E3: PREDOMINANTE | H3: OCURRENCIA
A4: DIR | B4: Do | C4: Ho | D4: To | E4: Dpo | F4: Hso | G4: Tpo | H4: Porcentaje | I4: Dias/año
A5: ='Tabla_Ocurrencia Insideo'!C2 -> SW | B5: ='Tabla_Ocurrencia Insideo'!D2 -> 213,75° – 236,25° | C5: ='Tabla_Ocurrencia Insideo'!A2 -> 2.0 - 2.5 | D5: ='Tabla_Ocurrencia Insideo'!B2 -> 14.0 - 17.0 | E5: ='Tabla_Ocurrencia Insideo'!H2 -> 220.60084 | F5: ='Tabla_Ocurrencia Insideo'!F2 -> 2.2166051 | G5: ='Tabla_Ocurrencia Insideo'!G2 -> 15.180661 | H5: ='Tabla_Ocurrencia Insideo'!I2 -> 0.097267544 | I5: ='Tabla_Ocurrencia Insideo'!J2 -> 35.502654 | J5: Escenario 4
A6: ='Tabla_Ocurrencia Insideo'!C3 -> SSW | B6: ='Tabla_Ocurrencia Insideo'!D3 -> 191,25° – 213,75° | C6: ='Tabla_Ocurrencia Insideo'!A3 -> 2.0 - 2.5 | D6: ='Tabla_Ocurrencia Insideo'!B3 -> 14.0 - 17.0 | E6: ='Tabla_Ocurrencia Insideo'!H3 -> 207.11808 | F6: ='Tabla_Ocurrencia Insideo'!F3 -> 2.253815 | G6: ='Tabla_Ocurrencia Insideo'!G3 -> 14.971382 | H6: ='Tabla_Ocurrencia Insideo'!I3 -> 0.095391104 | I6: ='Tabla_Ocurrencia Insideo'!J3 -> 34.817753
A7: ='Tabla_Ocurrencia Insideo'!C4 -> SSW | B7: ='Tabla_Ocurrencia Insideo'!D4 -> 191,25° – 213,75° | C7: ='Tabla_Ocurrencia Insideo'!A4 -> 1.5 - 2.0 | D7: ='Tabla_Ocurrencia Insideo'!B4 -> 11.0 - 14.0 | E7: ='Tabla_Ocurrencia Insideo'!H4 -> 206.53999 | F7: ='Tabla_Ocurrencia Insideo'!F4 -> 1.7832791 | G7: ='Tabla_Ocurrencia Insideo'!G4 -> 12.693992 | H7: ='Tabla_Ocurrencia Insideo'!I4 -> 0.092527722 | I7: ='Tabla_Ocurrencia Insideo'!J4 -> 33.772618
A8: ='Tabla_Ocurrencia Insideo'!C5 -> SW | B8: ='Tabla_Ocurrencia Insideo'!D5 -> 213,75° – 236,25° | C8: ='Tabla_Ocurrencia Insideo'!A5 -> 1.5 - 2.0 | D8: ='Tabla_Ocurrencia Insideo'!B5 -> 11.0 - 14.0 | E8: ='Tabla_Ocurrencia Insideo'!H5 -> 220.72205 | F8: ='Tabla_Ocurrencia Insideo'!F5 -> 1.7447327 | G8: ='Tabla_Ocurrencia Insideo'!G5 -> 12.980723 | H8: ='Tabla_Ocurrencia Insideo'!I5 -> 0.091243447 | I8: ='Tabla_Ocurrencia Insideo'!J5 -> 33.303858
A9: ='Tabla_Ocurrencia Insideo'!C6 -> SW | B9: ='Tabla_Ocurrencia Insideo'!D6 -> 213,75° – 236,25° | C9: ='Tabla_Ocurrencia Insideo'!A6 -> 1.5 - 2.0 | D9: ='Tabla_Ocurrencia Insideo'!B6 -> 14.0 - 17.0 | E9: ='Tabla_Ocurrencia Insideo'!H6 -> 222.1201 | F9: ='Tabla_Ocurrencia Insideo'!F6 -> 1.8079722 | G9: ='Tabla_Ocurrencia Insideo'!G6 -> 14.953574 | H9: ='Tabla_Ocurrencia Insideo'!I6 -> 0.077578668 | I9: ='Tabla_Ocurrencia Insideo'!J6 -> 28.316214
A10: ='Tabla_Ocurrencia Insideo'!C7 -> SSW | B10: ='Tabla_Ocurrencia Insideo'!D7 -> 191,25° – 213,75° | C10: ='Tabla_Ocurrencia Insideo'!A7 -> 2.0 - 2.5 | D10: ='Tabla_Ocurrencia Insideo'!B7 -> 11.0 - 14.0 | E10: ='Tabla_Ocurrencia Insideo'!H7 -> 205.16744 | F10: ='Tabla_Ocurrencia Insideo'!F7 -> 2.1926096 | G10: ='Tabla_Ocurrencia Insideo'!G7 -> 13.022384 | H10: ='Tabla_Ocurrencia Insideo'!I7 -> 0.064361136 | I10: ='Tabla_Ocurrencia Insideo'!J7 -> 23.491815
A11: ='Tabla_Ocurrencia Insideo'!C8 -> SSW | B11: ='Tabla_Ocurrencia Insideo'!D8 -> 191,25° – 213,75° | C11: ='Tabla_Ocurrencia Insideo'!A8 -> 2.5 - 3.0 | D11: ='Tabla_Ocurrencia Insideo'!B8 -> 14.0 - 17.0 | E11: ='Tabla_Ocurrencia Insideo'!H8 -> 206.49921 | F11: ='Tabla_Ocurrencia Insideo'!F8 -> 2.7079882 | G11: ='Tabla_Ocurrencia Insideo'!G8 -> 15.322741 | H11: ='Tabla_Ocurrencia Insideo'!I8 -> 0.062022457 | I11: ='Tabla_Ocurrencia Insideo'!J8 -> 22.638197
A12: ='Tabla_Ocurrencia Insideo'!C9 -> SSW | B12: ='Tabla_Ocurrencia Insideo'!D9 -> 191,25° – 213,75° | C12: ='Tabla_Ocurrencia Insideo'!A9 -> 1.5 - 2.0 | D12: ='Tabla_Ocurrencia Insideo'!B9 -> 14.0 - 17.0 | E12: ='Tabla_Ocurrencia Insideo'!H9 -> 207.39755 | F12: ='Tabla_Ocurrencia Insideo'!F9 -> 1.8292392 | G12: ='Tabla_Ocurrencia Insideo'!G9 -> 14.890076 | H12: ='Tabla_Ocurrencia Insideo'!I9 -> 0.036911645 | I12: ='Tabla_Ocurrencia Insideo'!J9 -> 13.47275
A13: ='Tabla_Ocurrencia Insideo'!C10 -> SW | B13: ='Tabla_Ocurrencia Insideo'!D10 -> 213,75° – 236,25° | C13: ='Tabla_Ocurrencia Insideo'!A10 -> 2.5 - 3.0 | D13: ='Tabla_Ocurrencia Insideo'!B10 -> 14.0 - 17.0 | E13: ='Tabla_Ocurrencia Insideo'!H10 -> 219.33197 | F13: ='Tabla_Ocurrencia Insideo'!F10 -> 2.6825238 | G13: ='Tabla_Ocurrencia Insideo'!G10 -> 15.514321 | H13: ='Tabla_Ocurrencia Insideo'!I10 -> 0.029888113 | I13: ='Tabla_Ocurrencia Insideo'!J10 -> 10.909161
A14: ='Tabla_Ocurrencia Insideo'!C11 -> SW | B14: ='Tabla_Ocurrencia Insideo'!D11 -> 213,75° – 236,25° | C14: ='Tabla_Ocurrencia Insideo'!A11 -> 2.0 - 2.5 | D14: ='Tabla_Ocurrencia Insideo'!B11 -> 11.0 - 14.0 | E14: ='Tabla_Ocurrencia Insideo'!H11 -> 219.82806 | F14: ='Tabla_Ocurrencia Insideo'!F11 -> 2.1737984 | G14: ='Tabla_Ocurrencia Insideo'!G11 -> 13.176152 | H14: ='Tabla_Ocurrencia Insideo'!I11 -> 0.029528317 | I14: ='Tabla_Ocurrencia Insideo'!J11 -> 10.777836
A15: ='Tabla_Ocurrencia Insideo'!C12 -> SW | B15: ='Tabla_Ocurrencia Insideo'!D12 -> 213,75° – 236,25° | C15: ='Tabla_Ocurrencia Insideo'!A12 -> 2.0 - 2.5 | D15: ='Tabla_Ocurrencia Insideo'!B12 -> 17.0 - 20.0 | E15: ='Tabla_Ocurrencia Insideo'!H12 -> 220.55518 | F15: ='Tabla_Ocurrencia Insideo'!F12 -> 2.2428669 | G15: ='Tabla_Ocurrencia Insideo'!G12 -> 18.063832 | H15: ='Tabla_Ocurrencia Insideo'!I12 -> 0.02238985 | I15: ='Tabla_Ocurrencia Insideo'!J12 -> 8.1722952
A16: ='Tabla_Ocurrencia Insideo'!C13 -> SSW | B16: ='Tabla_Ocurrencia Insideo'!D13 -> 191,25° – 213,75° | C16: ='Tabla_Ocurrencia Insideo'!A13 -> 3.0 - 3.5 | D16: ='Tabla_Ocurrencia Insideo'!B13 -> 14.0 - 17.0 | E16: ='Tabla_Ocurrencia Insideo'!H13 -> 205.98962 | F16: ='Tabla_Ocurrencia Insideo'!F13 -> 3.1860324 | G16: ='Tabla_Ocurrencia Insideo'!G13 -> 15.561369 | H16: ='Tabla_Ocurrencia Insideo'!I13 -> 0.019251623 | I16: ='Tabla_Ocurrencia Insideo'!J13 -> 7.0268423
A17: ='Tabla_Ocurrencia Insideo'!C14 -> SW | B17: ='Tabla_Ocurrencia Insideo'!D14 -> 213,75° – 236,25° | C17: ='Tabla_Ocurrencia Insideo'!A14 -> 1.0 - 1.5 | D17: ='Tabla_Ocurrencia Insideo'!B14 -> 11.0 - 14.0 | E17: ='Tabla_Ocurrencia Insideo'!H14 -> 221.23151 | F17: ='Tabla_Ocurrencia Insideo'!F14 -> 1.3835551 | G17: ='Tabla_Ocurrencia Insideo'!G14 -> 12.478822 | H17: ='Tabla_Ocurrencia Insideo'!I14 -> 0.016523164 | I17: ='Tabla_Ocurrencia Insideo'!J14 -> 6.030955
... A111: ='Tabla_Ocurrencia Insideo'!C108 -> WSW | B111: ='Tabla_Ocurrencia Insideo'!D108 -> 236,25° – 258,75° | C111: ='Tabla_Ocurrencia Insideo'!A108 -> 1.0 - 1.5 | D111: ='Tabla_Ocurrencia Insideo'!B108 -> 17.0 - 20.0 | E111: ='Tabla_Ocurrencia Insideo'!H108 -> 242.6087 | F111: ='Tabla_Ocurrencia Insideo'!F108 -> 1.3997101 | G111: ='Tabla_Ocurrencia Insideo'!G108 -> 18.047101 | H111: ='Tabla_Ocurrencia Insideo'!I108 -> 0.00017240259 | I111: ='Tabla_Ocurrencia Insideo'!J108 -> 0.062926946
A112: ='Tabla_Ocurrencia Insideo'!C109 -> WNW | B112: ='Tabla_Ocurrencia Insideo'!D109 -> 281,25° – 303,75° | C112: ='Tabla_Ocurrencia Insideo'!A109 -> 2.5 - 3.0 | D112: ='Tabla_Ocurrencia Insideo'!B109 -> 17.0 - 20.0 | E112: ='Tabla_Ocurrencia Insideo'!H109 -> 296.58209 | F112: ='Tabla_Ocurrencia Insideo'!F109 -> 2.6762687 | G112: ='Tabla_Ocurrencia Insideo'!G109 -> 18.712239 | H112: ='Tabla_Ocurrencia Insideo'!I109 -> 0.00016740542 | I112: ='Tabla_Ocurrencia Insideo'!J109 -> 0.061102977 | J112: Escenario 3
A113: ='Tabla_Ocurrencia Insideo'!C110 -> SSW | B113: ='Tabla_Ocurrencia Insideo'!D110 -> 191,25° – 213,75° | C113: ='Tabla_Ocurrencia Insideo'!A110 -> 4.5 - 5.0 | D113: ='Tabla_Ocurrencia Insideo'!B110 -> 17.0 - 20.0 | E113: ='Tabla_Ocurrencia Insideo'!H110 -> 206.98507 | F113: ='Tabla_Ocurrencia Insideo'!F110 -> 4.6219403 | G113: ='Tabla_Ocurrencia Insideo'!G110 -> 17.769851 | H113: ='Tabla_Ocurrencia Insideo'!I110 -> 0.00016740542 | I113: ='Tabla_Ocurrencia Insideo'!J110 -> 0.061102977
A114: ='Tabla_Ocurrencia Insideo'!C111 -> SW | B114: ='Tabla_Ocurrencia Insideo'!D111 -> 213,75° – 236,25° | C114: ='Tabla_Ocurrencia Insideo'!A111 -> 4.0 - 4.5 | D114: ='Tabla_Ocurrencia Insideo'!B111 -> 17.0 - 20.0 | E114: ='Tabla_Ocurrencia Insideo'!H111 -> 216.16667 | F114: ='Tabla_Ocurrencia Insideo'!F111 -> 4.1860606 | G114: ='Tabla_Ocurrencia Insideo'!G111 -> 18.646061 | H114: ='Tabla_Ocurrencia Insideo'!I111 -> 0.00016490683 | I114: ='Tabla_Ocurrencia Insideo'!J111 -> 0.060190992
A115: ='Tabla_Ocurrencia Insideo'!C112 -> S | B115: ='Tabla_Ocurrencia Insideo'!D112 -> 168,75° – 191,25° | C115: ='Tabla_Ocurrencia Insideo'!A112 -> 4.0 - 4.5 | D115: ='Tabla_Ocurrencia Insideo'!B112 -> 8.0 - 11.0 | E115: ='Tabla_Ocurrencia Insideo'!H112 -> 179.89062 | F115: ='Tabla_Ocurrencia Insideo'!F112 -> 4.1490625 | G115: ='Tabla_Ocurrencia Insideo'!G112 -> 9.7995312 | H115: ='Tabla_Ocurrencia Insideo'!I112 -> 0.00015990965 | I115: ='Tabla_Ocurrencia Insideo'!J112 -> 0.058367023
A116: ='Tabla_Ocurrencia Insideo'!C113 -> SW | B116: ='Tabla_Ocurrencia Insideo'!D113 -> 213,75° – 236,25° | C116: ='Tabla_Ocurrencia Insideo'!A113 -> 3.0 - 3.5 | D116: ='Tabla_Ocurrencia Insideo'!B113 -> 20.0 - 23.0 | E116: ='Tabla_Ocurrencia Insideo'!H113 -> 217.89655 | F116: ='Tabla_Ocurrencia Insideo'!F113 -> 3.2091379 | G116: ='Tabla_Ocurrencia Insideo'!G113 -> 21.132414 | H116: ='Tabla_Ocurrencia Insideo'!I113 -> 0.00014491812 | I116: ='Tabla_Ocurrencia Insideo'!J113 -> 0.052895114
A117: ='Tabla_Ocurrencia Insideo'!C114 -> WNW | B117: ='Tabla_Ocurrencia Insideo'!D114 -> 281,25° – 303,75° | C117: ='Tabla_Ocurrencia Insideo'!A114 -> 1.0 - 1.5 | D117: ='Tabla_Ocurrencia Insideo'!B114 -> 20.0 - 23.0 | E117: ='Tabla_Ocurrencia Insideo'!H114 -> 302.21053 | F117: ='Tabla_Ocurrencia Insideo'!F114 -> 1.4092982 | G117: ='Tabla_Ocurrencia Insideo'!G114 -> 21.252807 | H117: ='Tabla_Ocurrencia Insideo'!I114 -> 0.00014241953 | I117: ='Tabla_Ocurrencia Insideo'!J114 -> 0.05198313
A118: ='Tabla_Ocurrencia Insideo'!C115 -> SSE | B118: ='Tabla_Ocurrencia Insideo'!D115 -> 146,25° – 168,75° | C118: ='Tabla_Ocurrencia Insideo'!A115 -> 0.5 - 1.0 | D118: ='Tabla_Ocurrencia Insideo'!B115 -> 11.0 - 14.0 | E118: ='Tabla_Ocurrencia Insideo'!H115 -> 162.96296 | F118: ='Tabla_Ocurrencia Insideo'!F115 -> 0.68203704 | G118: ='Tabla_Ocurrencia Insideo'!G115 -> 13.290185 | H118: ='Tabla_Ocurrencia Insideo'!I115 -> 0.00013492377 | I118: ='Tabla_Ocurrencia Insideo'!J115 -> 0.049247175
A119: ='Tabla_Ocurrencia Insideo'!C116 -> S | B119: ='Tabla_Ocurrencia Insideo'!D116 -> 168,75° – 191,25° | C119: ='Tabla_Ocurrencia Insideo'!A116 -> 0.5 - 1.0 | D119: ='Tabla_Ocurrencia Insideo'!B116 -> 5.0 - 8.0 | E119: ='Tabla_Ocurrencia Insideo'!H116 -> 179.79245 | F119: ='Tabla_Ocurrencia Insideo'!F116 -> 0.71056604 | G119: ='Tabla_Ocurrencia Insideo'!G116 -> 5.5477358 | H119: ='Tabla_Ocurrencia Insideo'!I116 -> 0.00013242518 | I119: ='Tabla_Ocurrencia Insideo'!J116 -> 0.048335191
A120: ='Tabla_Ocurrencia Insideo'!C117 -> S | B120: ='Tabla_Ocurrencia Insideo'!D117 -> 168,75° – 191,25° | C120: ='Tabla_Ocurrencia Insideo'!A117 -> 1.0 - 1.5 | D120: ='Tabla_Ocurrencia Insideo'!B117 -> 11.0 - 14.0 | E120: ='Tabla_Ocurrencia Insideo'!H117 -> 183.84906 | F120: ='Tabla_Ocurrencia Insideo'!F117 -> 1.3826415 | G120: ='Tabla_Ocurrencia Insideo'!G117 -> 12.904528 | H120: ='Tabla_Ocurrencia Insideo'!I117 -> 0.00013242518 | I120: ='Tabla_Ocurrencia Insideo'!J117 -> 0.048335191
A121: ='Tabla_Ocurrencia Insideo'!C118 -> SSW | B121: ='Tabla_Ocurrencia Insideo'!D118 -> 191,25° – 213,75° | C121: ='Tabla_Ocurrencia Insideo'!A118 -> 1.5 - 2.0 | D121: ='Tabla_Ocurrencia Insideo'!B118 -> 5.0 - 8.0 | E121: ='Tabla_Ocurrencia Insideo'!H118 -> 205.04 | F121: ='Tabla_Ocurrencia Insideo'!F118 -> 1.7922 | G121: ='Tabla_Ocurrencia Insideo'!G118 -> 5.9412 | H121: ='Tabla_Ocurrencia Insideo'!I118 -> 0.00012492941 | I121: ='Tabla_Ocurrencia Insideo'!J118 -> 0.045599236
A122: ='Tabla_Ocurrencia Insideo'!C119 -> WNW | B122: ='Tabla_Ocurrencia Insideo'!D119 -> 281,25° – 303,75° | C122: ='Tabla_Ocurrencia Insideo'!A119 -> 1.5 - 2.0 | D122: ='Tabla_Ocurrencia Insideo'!B119 -> 23.0 - 26.0 | E122: ='Tabla_Ocurrencia Insideo'!H119 -> 302.69767 | F122: ='Tabla_Ocurrencia Insideo'!F119 -> 1.7265116 | G122: ='Tabla_Ocurrencia Insideo'!G119 -> 23.541395 | H122: ='Tabla_Ocurrencia Insideo'!I119 -> 0.0001074393 | I122: ='Tabla_Ocurrencia Insideo'!J119 -> 0.039215343
A123: ='Tabla_Ocurrencia Insideo'!C120 -> SSW | B123: ='Tabla_Ocurrencia Insideo'!D120 -> 191,25° – 213,75° | C123: ='Tabla_Ocurrencia Insideo'!A120 -> 3.5 - 4.0 | D123: ='Tabla_Ocurrencia Insideo'!B120 -> 20.0 - 23.0 | E123: ='Tabla_Ocurrencia Insideo'!H120 -> 206.07143 | F123: ='Tabla_Ocurrencia Insideo'!F120 -> 3.7145238 | G123: ='Tabla_Ocurrencia Insideo'!G120 -> 20.827619 | H123: ='Tabla_Ocurrencia Insideo'!I120 -> 0.00010494071 | I123: ='Tabla_Ocurrencia Insideo'!J120 -> 0.038303359
A124: ='Tabla_Ocurrencia Insideo'!C121 -> WSW | B124: ='Tabla_Ocurrencia Insideo'!D121 -> 236,25° – 258,75° | C124: ='Tabla_Ocurrencia Insideo'!A121 -> 3.0 - 3.5 | D124: ='Tabla_Ocurrencia Insideo'!B121 -> 17.0 - 20.0 | E124: ='Tabla_Ocurrencia Insideo'!H121 -> 239.74359 | F124: ='Tabla_Ocurrencia Insideo'!F121 -> 3.1748718 | G124: ='Tabla_Ocurrencia Insideo'!G121 -> 18.035128 | H124: ='Tabla_Ocurrencia Insideo'!I121 -> 9.7444944e-05 | I124: ='Tabla_Ocurrencia Insideo'!J121 -> 0.035567404
... A213: ='Tabla_Ocurrencia Insideo'!C210 -> SW | B213: ='Tabla_Ocurrencia Insideo'!D210 -> 213,75° – 236,25° | C213: ='Tabla_Ocurrencia Insideo'!A210 -> 4.0 - 4.5 | D213: ='Tabla_Ocurrencia Insideo'!B210 -> 14.0 - 17.0 | E213: ='Tabla_Ocurrencia Insideo'!H210 -> 218 | F213: ='Tabla_Ocurrencia Insideo'!F210 -> 4.03 | G213: ='Tabla_Ocurrencia Insideo'!G210 -> 16.95 | H213: ='Tabla_Ocurrencia Insideo'!I210 -> 2.4985883e-06 | I213: ='Tabla_Ocurrencia Insideo'!J210 -> 0.00091198473

Sheet Rosa 16
A1: Dirección | B1: Abreviatura | C1: Grados (centro) | D1: Centro | E1: Rango de grados | F1: Dir-Min | G1: Dir-Max
A2: Norte | B2: N | C2: 0° (o 360°) | D2: 0 | E2: 348,75° – 11,25° | F2: 348.75 | G2: 11.25
A3: Norte-Noreste | B3: NNE | C3: 22,5° | D3: 22.5 | E3: 11,25° – 33,75° | F3: 11.25 | G3: 33.75 | H3: SE | I3: 135 | J3: =I3+22.5 -> 157.5
A4: Noreste | B4: NE | C4: 45° | D4: 45 | E4: 33,75° – 56,25° | F4: 33.75 | G4: 56.25 | H4: SSE | I4: 157.5 | J4: =I4+22.5 -> 180
A5: Este-Noreste | B5: ENE | C5: 67,5° | D5: 67.5 | E5: 56,25° – 78,75° | F5: 56.25 | G5: 78.75 | H5: S | I5: 180 | J5: =I5+22.5 -> 202.5
A6: Este | B6: E | C6: 90° | D6: 90 | E6: 78,75° – 101,25° | F6: 78.75 | G6: 101.25 | H6: SSW | I6: 202.5 | J6: =I6+22.5 -> 225
A7: Este-Sureste | B7: ESE | C7: 112,5° | D7: 112.5 | E7: 101,25° – 123,75° | F7: 101.25 | G7: 123.75 | H7: SW | I7: 225 | J7: =I7+22.5 -> 247.5
A8: Sureste | B8: SE | C8: 135° | D8: 135 | E8: 123,75° – 146,25° | F8: 123.75 | G8: 146.25 | H8: WSW | I8: 247.5 | J8: =I8+22.5 -> 270
A9: Sur-Sureste | B9: SSE | C9: 157,5° | D9: 157.5 | E9: 146,25° – 168,75° | F9: 146.25 | G9: 168.75 | H9: W | I9: 270 | J9: =I9+22.5 -> 292.5
A10: Sur | B10: S | C10: 180° | D10: 180 | E10: 168,75° – 191,25° | F10: 168.75 | G10: 191.25 | H10: WNW | I10: 292.5 | J10: =I10+22.5 -> 315
A11: Sur-Suroeste | B11: SSW | C11: 202,5° | D11: 202.5 | E11: 191,25° – 213,75° | F11: 191.25 | G11: 213.75
A12: Suroeste | B12: SW | C12: 225° | D12: 225 | E12: 213,75° – 236,25° | F12: 213.75 | G12: 236.25
A13: Oeste-Suroeste | B13: WSW | C13: 247,5° | D13: 247.5 | E13: 236,25° – 258,75° | F13: 236.25 | G13: 258.75
A14: Oeste | B14: W | C14: 270° | D14: 270 | E14: 258,75° – 281,25° | F14: 258.75 | G14: 281.25
A15: Oeste-Noroeste | B15: WNW | C15: 292,5° | D15: 292.5 | E15: 281,25° – 303,75° | F15: 281.25 | G15: 303.75
A16: Noroeste | B16: NW | C16: 315° | D16: 315 | E16: 303,75° – 326,25° | F16: 303.75 | G16: 326.25
A17: Norte-Noroeste | B17: NNW | C17: 337,5° | D17: 337.5 | E17: 326,25° – 348,75° | F17: 326.25 | G17: 348.75
E21: =146.25+11.25 -> 157.5
E22: =168.75+11.25 -> 180

Sheet Tabla_Ocurrencia APMT
A1: CLASE | E1: PREDOMINANTE | H1: OCURRENCIA
A2: DIR | B2: Do | C2: Ho | D2: To | E2: Dpo | F2: Hso | G2: Tpo | H2: Porcentaje | I2: Dias/año
A3: =TablaOcurrencia_APMT_16sectores!B2 -> SSW | B3: =0.5*(TablaOcurrencia_APMT_16sectores!C2+TablaOcurrencia_APMT_16sectores!D2) -> 213.75 | C3: =0.5*(TablaOcurrencia_APMT_16sectores!E2+TablaOcurrencia_APMT_16sectores!F2) -> 2.25 | D3: =0.5*(TablaOcurrencia_APMT_16sectores!G2+TablaOcurrencia_APMT_16sectores!H2) -> 15 | E3: 213.64 | F3: 2.24 | G3: 14.9 | H3: =TablaOcurrencia_APMT_16sectores!M2 -> 0.13708221 | I3: =TablaOcurrencia_APMT_16sectores!N2 -> 50.035005
A4: =TablaOcurrencia_APMT_16sectores!B3 -> SSW | B4: =0.5*(TablaOcurrencia_APMT_16sectores!C3+TablaOcurrencia_APMT_16sectores!D3) -> 213.75 | C4: =0.5*(TablaOcurrencia_APMT_16sectores!E3+TablaOcurrencia_APMT_16sectores!F3) -> 1.75 | D4: =0.5*(TablaOcurrencia_APMT_16sectores!G3+TablaOcurrencia_APMT_16sectores!H3) -> 13 | E4: =TablaOcurrencia_APMT_16sectores!K3 -> 213.89777 | F4: =TablaOcurrencia_APMT_16sectores!I3 -> 1.7750693 | G4: =TablaOcurrencia_APMT_16sectores!J3 -> 12.999481 | H4: =TablaOcurrencia_APMT_16sectores!M3 -> 0.13300952 | I4: =TablaOcurrencia_APMT_16sectores!N3 -> 48.548474
A5: =TablaOcurrencia_APMT_16sectores!B4 -> SSW | B5: =0.5*(TablaOcurrencia_APMT_16sectores!C4+TablaOcurrencia_APMT_16sectores!D4) -> 213.75 | C5: =0.5*(TablaOcurrencia_APMT_16sectores!E4+TablaOcurrencia_APMT_16sectores!F4) -> 1.75 | D5: =0.5*(TablaOcurrencia_APMT_16sectores!G4+TablaOcurrencia_APMT_16sectores!H4) -> 15 | E5: =TablaOcurrencia_APMT_16sectores!K4 -> 215.80885 | F5: =TablaOcurrencia_APMT_16sectores!I4 -> 1.8245774 | G5: =TablaOcurrencia_APMT_16sectores!J4 -> 14.753956 | H5: =TablaOcurrencia_APMT_16sectores!M4 -> 0.079055136 | I5: =TablaOcurrencia_APMT_16sectores!N4 -> 28.855125
A6: =TablaOcurrencia_APMT_16sectores!B5 -> SSW | B6: =0.5*(TablaOcurrencia_APMT_16sectores!C5+TablaOcurrencia_APMT_16sectores!D5) -> 213.75 | C6: =0.5*(TablaOcurrencia_APMT_16sectores!E5+TablaOcurrencia_APMT_16sectores!F5) -> 2.25 | D6: =0.5*(TablaOcurrencia_APMT_16sectores!G5+TablaOcurrencia_APMT_16sectores!H5) -> 13 | E6: =TablaOcurrencia_APMT_16sectores!K5 -> 212.06465 | F6: =TablaOcurrencia_APMT_16sectores!I5 -> 2.1893836 | G6: =TablaOcurrencia_APMT_16sectores!J5 -> 13.210244 | H6: =TablaOcurrencia_APMT_16sectores!M5 -> 0.065662736 | I6: =TablaOcurrencia_APMT_16sectores!N5 -> 23.966899
A7: =TablaOcurrencia_APMT_16sectores!B6 -> SSW | B7: =0.5*(TablaOcurrencia_APMT_16sectores!C6+TablaOcurrencia_APMT_16sectores!D6) -> 213.75 | C7: =0.5*(TablaOcurrencia_APMT_16sectores!E6+TablaOcurrencia_APMT_16sectores!F6) -> 2.75 | D7: =0.5*(TablaOcurrencia_APMT_16sectores!G6+TablaOcurrencia_APMT_16sectores!H6) -> 15 | E7: =TablaOcurrencia_APMT_16sectores!K6 -> 211.74396 | F7: =TablaOcurrencia_APMT_16sectores!I6 -> 2.696491 | G7: =TablaOcurrencia_APMT_16sectores!J6 -> 15.126725 | H7: =TablaOcurrencia_APMT_16sectores!M6 -> 0.056765286 | I7: =TablaOcurrencia_APMT_16sectores!N6 -> 20.719329
A8: =TablaOcurrencia_APMT_16sectores!B7 -> SSW | B8: =0.5*(TablaOcurrencia_APMT_16sectores!C7+TablaOcurrencia_APMT_16sectores!D7) -> 213.75 | C8: =0.5*(TablaOcurrencia_APMT_16sectores!E7+TablaOcurrencia_APMT_16sectores!F7) -> 2.25 | D8: =0.5*(TablaOcurrencia_APMT_16sectores!G7+TablaOcurrencia_APMT_16sectores!H7) -> 17 | E8: =TablaOcurrencia_APMT_16sectores!K7 -> 215.72799 | F8: =TablaOcurrencia_APMT_16sectores!I7 -> 2.2587588 | G8: =TablaOcurrencia_APMT_16sectores!J7 -> 16.913896 | H8: =TablaOcurrencia_APMT_16sectores!M7 -> 0.039847387 | I8: =TablaOcurrencia_APMT_16sectores!N7 -> 14.544296
A9: =TablaOcurrencia_APMT_16sectores!B8 -> SSW | B9: =0.5*(TablaOcurrencia_APMT_16sectores!C8+TablaOcurrencia_APMT_16sectores!D8) -> 213.75 | C9: =0.5*(TablaOcurrencia_APMT_16sectores!E8+TablaOcurrencia_APMT_16sectores!F8) -> 2.75 | D9: =0.5*(TablaOcurrencia_APMT_16sectores!G8+TablaOcurrencia_APMT_16sectores!H8) -> 17 | E9: =TablaOcurrencia_APMT_16sectores!K8 -> 213.42543 | F9: =TablaOcurrencia_APMT_16sectores!I8 -> 2.715007 | G9: =TablaOcurrencia_APMT_16sectores!J8 -> 16.855657 | H9: =TablaOcurrencia_APMT_16sectores!M8 -> 0.030040452 | I9: =TablaOcurrencia_APMT_16sectores!N8 -> 10.964765
A10: =TablaOcurrencia_APMT_16sectores!B9 -> SW | B10: =0.5*(TablaOcurrencia_APMT_16sectores!C9+TablaOcurrencia_APMT_16sectores!D9) -> 236.25 | C10: =0.5*(TablaOcurrencia_APMT_16sectores!E9+TablaOcurrencia_APMT_16sectores!F9) -> 1.75 | D10: =0.5*(TablaOcurrencia_APMT_16sectores!G9+TablaOcurrencia_APMT_16sectores!H9) -> 15 | E10: =TablaOcurrencia_APMT_16sectores!K9 -> 232.86119 | F10: =TablaOcurrencia_APMT_16sectores!I9 -> 1.7915741 | G10: =TablaOcurrencia_APMT_16sectores!J9 -> 14.758775 | H10: =TablaOcurrencia_APMT_16sectores!M9 -> 0.024318699 | I10: =TablaOcurrencia_APMT_16sectores!N9 -> 8.8763252
A11: =TablaOcurrencia_APMT_16sectores!B10 -> SSW | B11: =0.5*(TablaOcurrencia_APMT_16sectores!C10+TablaOcurrencia_APMT_16sectores!D10) -> 213.75 | C11: =0.5*(TablaOcurrencia_APMT_16sectores!E10+TablaOcurrencia_APMT_16sectores!F10) -> 1.75 | D11: =0.5*(TablaOcurrencia_APMT_16sectores!G10+TablaOcurrencia_APMT_16sectores!H10) -> 17 | E11: =TablaOcurrencia_APMT_16sectores!K10 -> 217.0174 | F11: =TablaOcurrencia_APMT_16sectores!I10 -> 1.8198124 | G11: =TablaOcurrencia_APMT_16sectores!J10 -> 16.915845 | H11: =TablaOcurrencia_APMT_16sectores!M10 -> 0.021113018 | I11: =TablaOcurrencia_APMT_16sectores!N10 -> 7.7062517
A12: =TablaOcurrencia_APMT_16sectores!B11 -> SW | B12: =0.5*(TablaOcurrencia_APMT_16sectores!C11+TablaOcurrencia_APMT_16sectores!D11) -> 236.25 | C12: =0.5*(TablaOcurrencia_APMT_16sectores!E11+TablaOcurrencia_APMT_16sectores!F11) -> 1.75 | D12: =0.5*(TablaOcurrencia_APMT_16sectores!G11+TablaOcurrencia_APMT_16sectores!H11) -> 13 | E12: =TablaOcurrencia_APMT_16sectores!K11 -> 230.51222 | F12: =TablaOcurrencia_APMT_16sectores!I11 -> 1.7224035 | G12: =TablaOcurrencia_APMT_16sectores!J11 -> 13.167708 | H12: =TablaOcurrencia_APMT_16sectores!M11 -> 0.018394561 | I12: =TablaOcurrencia_APMT_16sectores!N11 -> 6.7140148
A13: =TablaOcurrencia_APMT_16sectores!B12 -> SSW | B13: =0.5*(TablaOcurrencia_APMT_16sectores!C12+TablaOcurrencia_APMT_16sectores!D12) -> 213.75 | C13: =0.5*(TablaOcurrencia_APMT_16sectores!E12+TablaOcurrencia_APMT_16sectores!F12) -> 1.75 | D13: =0.5*(TablaOcurrencia_APMT_16sectores!G12+TablaOcurrencia_APMT_16sectores!H12) -> 11 | E13: =TablaOcurrencia_APMT_16sectores!K12 -> 211.38335 | F13: =TablaOcurrencia_APMT_16sectores!I12 -> 1.6998172 | G13: =TablaOcurrencia_APMT_16sectores!J12 -> 11.543532 | H13: =TablaOcurrencia_APMT_16sectores!M12 -> 0.018282125 | I13: =TablaOcurrencia_APMT_16sectores!N12 -> 6.6729756
A14: =TablaOcurrencia_APMT_16sectores!B13 -> S | B14: =0.5*(TablaOcurrencia_APMT_16sectores!C13+TablaOcurrencia_APMT_16sectores!D13) -> 191.25 | C14: =0.5*(TablaOcurrencia_APMT_16sectores!E13+TablaOcurrencia_APMT_16sectores!F13) -> 2.25 | D14: =0.5*(TablaOcurrencia_APMT_16sectores!G13+TablaOcurrencia_APMT_16sectores!H13) -> 13 | E14: =TablaOcurrencia_APMT_16sectores!K13 -> 198.14218 | F14: =TablaOcurrencia_APMT_16sectores!I13 -> 2.2113065 | G14: =TablaOcurrencia_APMT_16sectores!J13 -> 13.005869 | H14: =TablaOcurrencia_APMT_16sectores!M13 -> 0.017292686 | I14: =TablaOcurrencia_APMT_16sectores!N13 -> 6.3118305
A15: =TablaOcurrencia_APMT_16sectores!B14 -> S | B15: =0.5*(TablaOcurrencia_APMT_16sectores!C14+TablaOcurrencia_APMT_16sectores!D14) -> 191.25 | C15: =0.5*(TablaOcurrencia_APMT_16sectores!E14+TablaOcurrencia_APMT_16sectores!F14) -> 2.25 | D15: =0.5*(TablaOcurrencia_APMT_16sectores!G14+TablaOcurrencia_APMT_16sectores!H14) -> 15 | E15: =TablaOcurrencia_APMT_16sectores!K14 -> 198.40986 | F15: =TablaOcurrencia_APMT_16sectores!I14 -> 2.2643248 | G15: =TablaOcurrencia_APMT_16sectores!J14 -> 14.803555 | H15: =TablaOcurrencia_APMT_16sectores!M14 -> 0.017020341 | I15: =TablaOcurrencia_APMT_16sectores!N14 -> 6.2124244
... A257: =TablaOcurrencia_APMT_16sectores!B256 -> SSW | B257: =0.5*(TablaOcurrencia_APMT_16sectores!C256+TablaOcurrencia_APMT_16sectores!D256) -> 213.75 | C257: =0.5*(TablaOcurrencia_APMT_16sectores!E256+TablaOcurrencia_APMT_16sectores!F256) -> 2.25 | D257: =0.5*(TablaOcurrencia_APMT_16sectores!G256+TablaOcurrencia_APMT_16sectores!H256) -> 25 | E257: =TablaOcurrencia_APMT_16sectores!K256 -> 218 | F257: =TablaOcurrencia_APMT_16sectores!I256 -> 2.496 | G257: =TablaOcurrencia_APMT_16sectores!J256 -> 25.641025 | H257: =TablaOcurrencia_APMT_16sectores!M256 -> 2.4985821e-06 | I257: =TablaOcurrencia_APMT_16sectores!N256 -> 0.00091198245

Sheet Escenario 2
B2: Dp[°] | C2: Hs[m]
C3: 0.5-1.0 | D3: 1.0-1.5 | E3: 1.5-2.0 | F3: 2.0-2.5 | G3: 2.5-3.0 | H3: 3.0-3.5 | I3: 3.5-4.0 | J3: 4.0-4.5 | K3: >4.5 | L3: SUM
B4: N | C4: 0 | D4: 0 | E4: 0 | F4: 0 | G4: 0 | H4: 0 | I4: 0 | J4: 0 | K4: 0 | L4: 0.00% | M4: =SUM(G4:K4) -> 0
B5: NNE | C5: 0 | D5: 0 | E5: 0 | F5: 0 | G5: 0 | H5: 0 | I5: 0 | J5: 0 | K5: 0 | L5: 0.00% | M5: =SUM(G5:K5) -> 0
B6: NE | C6: 0 | D6: 0 | E6: 0 | F6: 0 | G6: 0 | H6: 0 | I6: 0 | J6: 0 | K6: 0 | L6: 0.00% | M6: =SUM(G6:K6) -> 0
B7: ENE | C7: 0 | D7: 0 | E7: 0 | F7: 0 | G7: 0 | H7: 0 | I7: 0 | J7: 0 | K7: 0 | L7: 0.00% | M7: =SUM(G7:K7) -> 0
B8: E | C8: 0 | D8: 0 | E8: 0 | F8: 0 | G8: 0 | H8: 0 | I8: 0 | J8: 0 | K8: 0 | L8: 0.00% | M8: =SUM(G8:K8) -> 0
B9: ESE | C9: 0 | D9: 0 | E9: 0 | F9: 0 | G9: 0 | H9: 0 | I9: 0 | J9: 0 | K9: 0 | L9: 0.00% | M9: =SUM(G9:K9) -> 0
B10: SE | C10: 0 | D10: 0 | E10: 0 | F10: 0 | G10: 0 | H10: 0 | I10: 0 | J10: 0 | K10: 0 | L10: 0.00% | M10: =SUM(G10:K10) -> 0
B11: SSE | C11: 0.0002 | D11: 0.0002 | E11: 0.0001 | F11: 0 | G11: 0 | H11: 0 | I11: 0 | J11: 0 | K11: 0 | L11: 0.06% | M11: =SUM(G11:K11) -> 0
B12: S | C12: 0.0006 | D12: 0.0016 | E12: 0.0128 | F12: 0.0167 | G12: 0.0124 | H12: 0.0046 | I12: 0.0016 | J12: 0.0002 | K12: 0.0001 | L12: 5.06% | M12: =SUM(G12:K12) -> 0.0189
B13: SSW | C13: 0.0001 | D13: 0.0152 | E13: 0.1421 | F13: 0.1739 | G13: 0.0891 | H13: 0.028 | I13: 0.008 | J13: 0.0013 | K13: 0.0002 | L13: 45.80% | M13: =SUM(G13:K13) -> 0.1266
B14: SW | C14: 0 | D14: 0.0245 | E14: 0.1853 | F14: 0.1501 | G14: 0.0443 | H14: 0.0094 | I14: 0.0018 | J14: 0.0002 | K14: 0 | L14: 41.57% | M14: =SUM(G14:K14) -> 0.0557
B15: WSW | C15: 0 | D15: 0.0033 | E15: 0.0158 | F15: 0.0053 | G15: 0.0005 | H15: 0.0001 | I15: 0 | J15: 0 | K15: 0 | L15: 2.51% | M15: =SUM(G15:K15) -> 0.0006
... B19: NNW | C19: 0 | D19: 0 | E19: 0 | F19: 0 | G19: 0 | H19: 0 | I19: 0 | J19: 0 | K19: 0 | L19: 0.00% | M19: =SUM(G19:K19) -> 0
B20: SUM | C20: 0.09% | D20: 5.28% | E20: 38.88% | F20: 35.52% | G20: 14.67% | H20: 4.21% | I20: 1.14% | J20: 0.17% | K20: 0.03% | L20: 100.00% | M20: =SUM(G20:K20) -> 0

Sheet Hoja1
A1: CLASE | E1: PREDOMINANTE | H1: OCURRENCIA
A2: DIR | B2: Dp | C2: Ho | D2: Tpo | E2: Dpo | F2: Hso | G2: Tpo | H2: Porcentaje | I2: Dias/año
A3: SSW | B3: [191.25–213.75] | C3: [2.0–2.5] | D3: [14–16] | E3: 202.5 | F3: 2.26 | G3: 14.83 | H3: 0.0863 | I3: 31.48 | J3: ESCENARIO 04
A4: SW | B4: [213.75–236.25] | C4: [1.5–2.0] | D4: [12–14] | E4: 225 | F4: 1.75 | G4: 13.08 | H4: 0.085 | I4: 31.04
A5: SW | B5: [213.75–236.25] | C5: [2.0–2.5] | D5: [14–16] | E5: 225 | F5: 2.22 | G5: 14.96 | H5: 0.0806 | I5: 29.4
A6: SSW | B6: [191.25–213.75] | C6: [1.5–2.0] | D6: [12–14] | E6: 202.5 | F6: 1.8 | G6: 12.91 | H6: 0.0778 | I6: 28.4
A7: SW | B7: [213.75–236.25] | C7: [1.5–2.0] | D7: [14–16] | E7: 225 | F7: 1.81 | G7: 14.76 | H7: 0.0688 | I7: 25.11
A8: SSW | B8: [191.25–213.75] | C8: [2.0–2.5] | D8: [12–14] | E8: 202.5 | F8: 2.2 | G8: 13.15 | H8: 0.0578 | I8: 21.11
A9: SSW | B9: [191.25–213.75] | C9: [2.5–3.0] | D9: [14–16] | E9: 202.5 | F9: 2.71 | G9: 15.07 | H9: 0.0493 | I9: 17.98
A10: SSW | B10: [191.25–213.75] | C10: [1.5–2.0] | D10: [14–16] | E10: 202.5 | F10: 1.83 | G10: 14.73 | H10: 0.0339 | I10: 12.39
A11: SW | B11: [213.75–236.25] | C11: [2.0–2.5] | D11: [16–18] | E11: 225 | F11: 2.25 | G11: 16.91 | H11: 0.0308 | I11: 11.24
A12: SW | B12: [213.75–236.25] | C12: [2.0–2.5] | D12: [12–14] | E12: 225 | F12: 2.18 | G12: 13.22 | H12: 0.028 | I12: 10.24
A13: SSW | B13: [191.25–213.75] | C13: [1.5–2.0] | D13: [10–12] | E13: 202.5 | F13: 1.73 | G13: 11.43 | H13: 0.0213 | I13: 7.78
A14: SW | B14: [213.75–236.25] | C14: [2.5–3.0] | D14: [14–16] | E14: 225 | F14: 2.68 | G14: 15.18 | H14: 0.021 | I14: 7.68
A15: SSW | B15: [191.25–213.75] | C15: [2.5–3.0] | D15: [16–18] | E15: 202.5 | F15: 2.74 | G15: 16.83 | H15: 0.0206 | I15: 7.52
... A178: SSW | B178: [191.25–213.75] | C178: [4.5–5.0] | D178: [14–16] | E178: 202.5 | F178: 4.71 | G178: 15.32 | H178: 0.0001 | I178: 0.02
A179: WNW | B179: [281.25–303.75] | C179: [2.5–3.0] | D179: [16–18] | E179: 292.5 | F179: 2.68 | G179: 17.45 | H179: 0.0001 | I179: 0.02 | J179: ESCENARIO 03
A180: SSW | B180: [191.25–213.75] | C180: [1.0–1.5] | D180: [18–20] | E180: 202.5 | F180: 1.41 | G180: 19.12 | H180: 0.0001 | I180: 0.02
A181: SW | B181: [213.75–236.25] | C181: [4.0–4.5] | D181: [16–18] | E181: 225 | F181: 4.21 | G181: 17.48 | H181: 0.0001 | I181: 0.02
A182: S | B182: [168.75–191.25] | C182: [1.0–1.5] | D182: [6–8] | E182: 180 | F182: 1.37 | G182: 7.3 | H182: 0.0001 | I182: 0.02
A183: SSW | B183: [191.25–213.75] | C183: [1.5–2.0] | D183: [6–8] | E183: 202.5 | F183: 1.77 | G183: 6.61 | H183: 0.0001 | I183: 0.02
A184: SSE | B184: [146.25–168.75] | C184: [1.0–1.5] | D184: [12–14] | E184: 157.5 | F184: 1.14 | G184: 13.01 | H184: 0 | I184: 0.02
A185: SW | B185: [213.75–236.25] | C185: [2.5–3.0] | D185: [10–12] | E185: 225 | F185: 2.66 | G185: 11.9 | H185: 0 | I185: 0.02
A186: S | B186: [168.75–191.25] | C186: [4.0–4.5] | D186: [10–12] | E186: 180 | F186: 4.27 | G186: 10.79 | H186: 0 | I186: 0.02
A187: SW | B187: [213.75–236.25] | C187: [1.0–1.5] | D187: [8–10] | E187: 225 | F187: 1.33 | G187: 9.59 | H187: 0 | I187: 0.02
A188: S | B188: [168.75–191.25] | C188: [4.5–5.0] | D188: [10–12] | E188: 180 | F188: 4.71 | G188: 10.82 | H188: 0 | I188: 0.02
A189: SSW | B189: [191.25–213.75] | C189: [2.0–2.5] | D189: [22–24] | E189: 202.5 | F189: 2.19 | G189: 22.97 | H189: 0 | I189: 0.02
A190: WSW | B190: [236.25–258.75] | C190: [1.0–1.5] | D190: [18–20] | E190: 247.5 | F190: 1.37 | G190: 19.16 | H190: 0 | I190: 0.02
A191: SSW | B191: [191.25–213.75] | C191: [3.0–3.5] | D191: [8–10] | E191: 202.5 | F191: 3.19 | G191: 9.34 | H191: 0 | I191: 0.02
... A273: NW | B273: [303.75–326.25] | C273: [2.0–2.5] | D273: [14–16] | E273: 315 | F273: 2 | G273: 15.62 | H273: 0 | I273: 0
